{
  "mappings": {
      "A0.flac": 27.50000,
      "C1.flac": 32.70320,
      "Ds1.flac": 38.89087,
      "Fs1.flac": 46.24930,
      "A1.flac": 55.00000,
      "C2.flac": 65.40639,
      "Ds2.flac": 77.78175,
      "Fs2.flac": 92.49861,
      "A2.flac": 110.0000,
      "C3.flac": 130.8128,
      "Ds3.flac": 155.5635,
      "Fs3.flac": 184.9972,
      "A3.flac": 220.0000,
      "C4.flac": 261.6256,
      "Ds4.flac": 311.1270,
      "Fs4.flac": 369.9944,
      "A4.flac": 440.0000,
      "C5.flac": 523.2511,
      "Ds5.flac": 622.2540,
      "Fs5.flac": 739.9888,
      "A5.flac": 880.0000,
      "C6.flac": 1046.502,
      "Ds6.flac": 1244.508,
      "Fs6.flac": 1479.978,
      "A6.flac": 1760.000,
      "C7.flac": 2093.005,
      "Ds7.flac": 2489.016,
      "Fs7.flac": 2959.955,
      "A7.flac": 3520.000,
      "C8.flac": 4186.009
  }
}
